{"cameraMode":{"drawMode":0,"name":"Shaded","section":"Shading Mode"},"sceneLighting":true,"audioPlay":false,"sceneViewState":{"m_AlwaysRefresh":false,"showFog":true,"showSkybox":true,"showFlares":true,"showImageEffects":true,"showParticleSystems":true,"showVisualEffectGraphs":true,"m_FxEnabled":true},"in2DMode":false,"pivot":{"x":-6.03148889541626,"y":10.474891662597657,"z":-0.6099929809570313},"rotation":{"x":-0.35265007615089419,"y":-0.08070752769708634,"z":0.030550971627235414,"w":-0.9317790269851685},"size":425.1401062011719,"orthographic":false}